Rank,Player,Age,Elo,    ,HardRaw,ClayRaw,GrassRaw,    ,"<span title=""hard-court elo rating"">hElo</span title=""hard-court elo rating"">","<span title=""clay-court elo rating"">cElo</span title=""clay-court elo rating"">","<span title=""grass-court elo rating"">gElo</span title=""grass-court elo rating"">",    ,Peak Match,Peak Age,Peak Elo
1,Carlos Alcaraz,19,2209.3,,2028.5,2039.5,1441.4,,2118.9,2124.4,1825.3,,2022 Madrid F,19,2209.3
2,Novak Djokovic,34.9,2153.4,,2054.9,1984.2,1942.4,,2104.1,2068.8,2047.9,,2016 Miami F,28.8,2470
3,Daniil Medvedev,26.1,2142.2,,2059.3,1714.1,1723.4,,2100.7,1928.1,1932.8,,2022 Australian Open SF,25.9,2189.2
4,Alexander Zverev,25,2106,,2012.7,2002.4,1671.4,,2059.4,2054.2,1888.7,,2022 Atp Cup RR,24.7,2158.4
5,Stefanos Tsitsipas,23.7,2070.7,,1899.1,2041.5,1543.4,,1984.9,2056.1,1807.1,,2021 Roland Garros SF,22.8,2133
6,Rafael Nadal,35.9,2069.2,,1934.9,1928.7,1500,,2002,1998.9,1784.6,,2009 Madrid SF,22.9,2370
7,Jannik Sinner,20.7,2058.4,,1969.9,1830.2,1312.8,,2014.2,1944.3,1685.6,,2022 Madrid R32,20.7,2079
8,Roger Federer,39.9,2043,,1936.7,1749.6,1813.4,,1989.9,1896.3,1928.2,,2007 Dubai F,25.6,2382
9,Andrey Rublev,24.5,2034.6,,1926.3,1873.2,1652.8,,1980.5,1953.9,1843.7,,2021 Monte Carlo SF,23.5,2105.7
10,Matteo Berrettini,25.9,2003.7,,1833.4,1894.7,1853,,1918.6,1949.2,1928.3,,2021 Wimbledon SF,25.2,2045.7
11,Casper Ruud,23.4,1984,,1874.5,1905.9,1465.9,,1929.3,1945,1724.9,,2022 Miami SF,23.2,2041.4
12,Cameron Norrie,26.7,1971.3,,1867.7,1785.5,1575.1,,1919.5,1878.4,1773.2,,2022 Indian Wells R16,26.5,1999.7
13,Hubert Hurkacz,25.2,1969.8,,1876.5,1716.4,1689.8,,1923.1,1843.1,1829.8,,2022 Madrid R16,25.2,1976.3
14,Taylor Fritz,24.5,1959.8,,1885.2,1708.2,1600.7,,1922.5,1834,1780.2,,2022 Miami R32,24.4,1983.8
15,Felix Auger Aliassime,21.7,1950.9,,1886.7,1726.4,1784,,1918.8,1838.7,1867.5,,2022 Marseille SF,21.5,2035.7
16,Diego Schwartzman,29.7,1934.9,,1807,1879.7,1526,,1870.9,1907.3,1730.4,,2020 Paris R16,28.2,1972.9
17,Pablo Carreno Busta,30.8,1928.3,,1792.8,1871.9,1439.8,,1860.6,1900.1,1684.1,,2021 Winston-Salem R16,30.1,2001.4
18,Jenson Brooksby,21.5,1927.7,,1885.1,1557.8,1655.9,,1906.4,1742.8,1791.8,,2022 Miami R32,21.4,1995.9
19,Sebastian Korda,21.8,1909.3,,1786.3,1707.9,1670.2,,1847.8,1808.6,1789.7,,2022 Australian Open R64,21.5,1944.8
20,Nick Kyrgios,26.9,1908.2,,1790.9,1555,1580.3,,1849.6,1731.6,1744.2,,2017 Cincinnati SF,22.3,2088.8
21,Reilly Opelka,24.7,1907.3,,1825,1683.8,1391.6,,1866.2,1795.6,1649.5,,2022 Houston F,24.6,1940.3
22,Grigor Dimitrov,31,1902.2,,1787.9,1791.2,1521.5,,1845.1,1846.7,1711.8,,2014 Canada QF,23.2,2090.3
23,Kei Nishikori,31.8,1900.5,,1811.3,1805.2,1628.4,,1855.9,1852.8,1764.4,,2016 US Open QF,26.7,2210.4
24,Alex De Minaur,23.2,1891.2,,1772.6,1580.6,1650,,1831.9,1735.9,1770.6,,2020 Atp Cup RR,20.9,1992.8
25,Miomir Kecmanovic,22.7,1884.9,,1774,1738.7,1521,,1829.5,1811.8,1703,,2022 Munich QF,22.7,1895
26,Roberto Bautista Agut,34,1884.7,,1804.6,1677,1678.4,,1844.7,1780.9,1781.5,,2016 Rotterdam R16,27.8,2014.5
27,Botic Van De Zandschulp,26.6,1878.4,,1732.2,1745.4,1413.9,,1805.3,1811.9,1646.2,,2022 Madrid R64,26.6,1897
28,Holger Rune,19,1875.2,,1668.1,1801.6,1500,,1771.6,1838.4,1687.6,,2021 Orleans CH R16,18.4,1876.4
29,Gael Monfils,35.7,1870.7,,1825.6,1538.7,1419.8,,1848.1,1704.7,1645.3,,2015 Monte Carlo QF,28.6,2067.7
30,Frances Tiafoe,24.3,1868.5,,1770.2,1716.1,1616.9,,1819.4,1792.3,1742.7,,2021 Stockholm QF,23.8,1905
31,Denis Shapovalov,23,1867.5,,1765.6,1702,1667.6,,1816.5,1784.8,1767.5,,2020 Auckland R16,20.7,1973.2
32,Tommy Paul,25,1861.6,,1803.4,1614.3,1506.5,,1832.5,1737.9,1684,,2022 Miami R64,24.8,1907.2
33,Karen Khachanov,25.9,1858.5,,1787.5,1720,1705,,1823,1789.2,1781.7,,2018 Paris F,22.4,2015.2
34,Marin Cilic,33.6,1858.1,,1748.3,1732.1,1796,,1803.2,1795.1,1827,,2010 Dubai R16,21.4,2094.4
35,Sebastian Baez,21.3,1857.4,,1476.9,1869.2,1368.2,,1667.2,1863.3,1612.8,,2022 Estoril F,21.3,1857.4
36,John Isner,37,1856,,1736.4,1753.1,1688.6,,1796.2,1804.6,1772.3,,2012 US Open R64,27.3,2039.7
37,Andy Murray,35,1855.6,,1744.1,1804.5,1637.9,,1799.9,1830.1,1746.8,,2017 Doha SF,29.6,2347
38,Emil Ruusuvuori,23.1,1850,,1725,1589.9,1436,,1787.5,1719.9,1643,,2022 Munich R16,23.1,1866.4
39,Alejandro Davidovich Fokina,22.9,1841.4,,1634.3,1813.2,1463.3,,1737.8,1827.3,1652.3,,2021 Roland Garros R16,22,1928.7
40,Ilya Ivashka,28.2,1841.1,,1761.1,1662.6,1604.8,,1801.1,1751.8,1722.9,,2021 Nur-Sultan QF,27.6,1912.4
41,David Goffin,31.4,1837.7,,1668.2,1808.4,1724.3,,1752.9,1823.1,1781,,2017 Rome R32,26.4,2038.3
42,Lorenzo Musetti,20.2,1833.5,,1575.6,1816.7,1353.8,,1704.5,1825.1,1593.6,,2021 Roland Garros R32,19.2,1859.4
43,Thanasi Kokkinakis,25.9,1825.3,,1763.7,1661.2,1373.6,,1794.5,1743.3,1599.5,,2015 Queen's Club R32,19.2,1867.6
44,Alexander Bublik,24.9,1824.3,,1747.4,1531.6,1587.6,,1785.8,1678,1705.9,,2022 Indian Wells R64,24.7,1850.1
45,Fabio Fognini,34.9,1818.1,,1700,1777.8,1629.1,,1759,1797.9,1723.6,,2014 Munich SF,26.9,2007.7
46,Daniel Evans,31.9,1810.4,,1740,1595,1687.3,,1775.2,1702.7,1748.8,,2021 Monte Carlo QF,30.9,1886.5
47,Jeremy Chardy,34.5,1807.2,,1751.3,1669.2,1543.8,,1779.2,1738.2,1675.5,,2009 Cincinnati R64,22.5,1897.6
48,Marton Fucsovics,30.2,1800.4,,1709.8,1650,1610.6,,1755.1,1725.2,1705.5,,2021 Miami R64,29.1,1924
49,Benjamin Bonzi,25.9,1798.8,,1714.5,1574.5,1671.3,,1756.7,1686.7,1735.1,,2021 Orleans CH R32,25.3,1807.7
50,Lloyd Harris,25.2,1798.6,,1731.9,1589.6,1431.7,,1765.3,1694.1,1615.1,,2021 Antwerp QF,24.6,1889.9
51,Aslan Karatsev,28.7,1793.8,,1731,1668.8,1322.6,,1762.4,1731.3,1558.2,,2021 Rome R32,27.7,1967.3
52,Jack Draper,20.4,1791.9,,1763.6,1347.3,1363.3,,1777.8,1569.6,1577.6,,2022 Rome CH R32,20.3,1820.6
53,Pedro Martinez,25,1791.9,,1609.6,1703.1,1420.7,,1700.7,1747.5,1606.3,,2022 Monte Carlo R64,25,1821.8
54,Alex Molcan,24.4,1787.7,,1649,1724.4,1497.6,,1718.3,1756,1642.6,,2022 Marrakech SF,24.3,1824.1
55,Yoshihito Nishioka,26.6,1786.9,,1724.7,1606.9,1394.3,,1755.8,1696.9,1590.6,,2020 Delray Beach SF,24.4,1883.1
56,Tallon Griekspoor,25.8,1783.5,,1635.3,1750.2,1513.3,,1709.4,1766.9,1648.4,,2022 Australian Open R128,25.5,1923
57,Mackenzie Mcdonald,27,1778.3,,1724.7,1571.9,1610.3,,1751.5,1675.1,1694.3,,2022 Miami R64,26.9,1813.1
58,Nikoloz Basilashvili,30.2,1778.2,,1661.1,1711.8,1549.9,,1719.7,1745,1664,,2018 Shanghai R64,26.6,1877.7
59,Oscar Otte,28.8,1774.7,,1649.5,1627.5,1515.8,,1712.1,1701.1,1645.3,,2022 Adelaide 1 Qual,28.5,1795.3
60,Arthur Rinderknech,26.7,1771.4,,1672.5,1700,1567.3,,1721.9,1735.7,1669.3,,2022 Doha QF,26.6,1834.4
61,Richard Gasquet,35.9,1766.9,,1666.5,1677.7,1610.3,,1716.7,1722.3,1688.6,,2013 Monte Carlo R16,26.8,2051.8
62,Jack Sock,29.6,1765.5,,1670,1709.6,1512.4,,1717.8,1737.6,1639,,2017 Indian Wells QF,24.4,2037.1
63,Jaume Munar,25,1765,,1594.7,1698.8,1219.5,,1679.9,1731.9,1492.2,,2021 Estoril Qual,24,1801.6
64,Jiri Lehecka,20.5,1760.2,,1689.8,1651.9,1500,,1725,1706.1,1630.1,,2022 Mauthausen CH SF,20.5,1787.1
65,Cristian Garin,25.9,1757.9,,1536.3,1723,1611.4,,1647.1,1740.4,1684.7,,2021 Bastad R16,25.1,1887.1
66,Aljaz Bedene,32.8,1755.4,,1675.5,1674.9,1544.4,,1715.4,1715.1,1649.9,,2017 Wimbledon R64,28,1904
67,Jo-Wilfried Tsonga,37,1754,,1718.2,1631.6,1565.5,,1736.1,1692.8,1659.8,,2009 Indian Wells R64,23.9,2124.7
68,Soon Woo Kwon,24.4,1753.1,,1664.5,1540.6,1543.6,,1708.8,1646.9,1648.4,,2022 Davis Cup QLS R1,24.2,1790
69,Ricardas Berankis,31.7,1752.9,,1657.2,1567.6,1461.9,,1705,1660.2,1607.4,,2010 Vancouver CH SF,20.1,1808.8
70,Lorenzo Sonego,27,1752.3,,1584.4,1741.2,1638.7,,1668.4,1746.8,1695.5,,2021 Rome QF,26,1887.3
71,Filip Krajinovic,30.2,1750.2,,1680.3,1744.9,1346.9,,1715.2,1747.5,1548.6,,2020 Rome R32,28.5,1937.9
72,Brandon Nakashima,20.7,1749.2,,1701.2,1381.5,1536.1,,1725.2,1565.4,1642.7,,2021 NextGen Finals RR,20.3,1898.3
73,Albert Ramos,34.3,1747.5,,1546.7,1716.6,1341.3,,1647.1,1732.1,1544.4,,2017 Barcelona R16,29.3,1872.7
74,Hugo Dellien,28.9,1747.1,,1390.9,1671.4,1352.9,,1569,1709.3,1550,,2022 Madrid Qual,28.9,1752.9
75,Alejandro Tabilo,24.9,1746,,1583.8,1660.1,1350.3,,1664.9,1703.1,1548.2,,2022 Sarasota CH QF,24.9,1791.8
76,Christopher Oconnell,27.9,1745.5,,1639,1602.2,1518.7,,1692.2,1673.8,1632.1,,2022 Indian Wells Qual,27.8,1755.1
77,Ugo Humbert,23.8,1743.8,,1641.8,1437.5,1747.3,,1692.8,1590.7,1745.6,,2021 Tokyo Olympics R16,23.1,1915
78,Kamil Majchrzak,26.2,1743.2,,1630,1654.2,1654.9,,1686.6,1698.7,1699.1,,2022 Pune QF,26.1,1784.5
79,Taro Daniel,29.2,1741.9,,1641.4,1616.9,1331.9,,1691.7,1679.4,1536.9,,2015 Prague CH R16,22.4,1745.8
80,Tomas Machac,21.5,1739.8,,1663.1,1577.7,1418.5,,1701.4,1658.7,1579.1,,2021 Nur-Sultan 2 CH F,20.4,1798.4
81,Kevin Anderson,35.8,1738.9,,1630.3,1671.7,1658,,1684.6,1705.3,1698.4,,2019 Australian Open R128,32.7,2026.6
82,Laslo Djere,26.9,1738.8,,1482.9,1749.1,1313.7,,1610.8,1743.9,1526.2,,2021 Gstaad QF,26.1,1805.2
83,J J Wolf,23.3,1731.9,,1672.3,1458,-,,1702.1,1594.9,1565.9,,2020 Us Open R64,21.7,1812.8
84,Jan Lennard Struff,31.9,1728.8,,1620.8,1718.9,1518.1,,1674.8,1723.9,1623.5,,2019 Wimbledon R64,29.2,1898.1
85,Vasek Pospisil,31.7,1727.7,,1673.8,1279.1,1468.1,,1700.8,1503.4,1597.9,,2020 Sofia SF,30.4,1885.4
86,Guido Pella,31.4,1726.4,,1675.7,1686.4,1490.5,,1701.1,1706.4,1608.4,,2019 Cincinnati R64,29.2,1869
87,James Duckworth,30,1725.2,,1647.2,1433.5,1546.2,,1686.2,1579.3,1635.7,,2021 Paris R16,29.8,1772
88,Adrian Mannarino,33.8,1724.2,,1704.7,1407.8,1665.3,,1714.4,1566,1694.7,,2018 Australian Open R64,29.5,1884.4
89,Marcos Giron,28.8,1722.5,,1689.9,1409.7,1594.4,,1706.2,1566.1,1658.4,,2021 Paris R32,28.3,1842.6
90,Dominik Koepfer,27.9,1721.3,,1584.4,1666.6,1555,,1652.9,1693.9,1638.2,,2020 Hamburg R32,26.4,1788.4
91,Jiri Vesely,28.8,1721.3,,1720,1550.5,1626.8,,1720.6,1635.9,1674.1,,2014 Wimbledon R64,21,1892.3
92,Francisco Cerundolo,23.7,1720.4,,1532.5,1676.4,1434.7,,1626.5,1698.4,1577.6,,2021 Buenos Aires SF,22.5,1840.1
93,Dusan Lajovic,31.8,1720.4,,1590.1,1672.6,1354.3,,1655.3,1696.5,1537.4,,2018 Beijing R16,28.3,1845.1
94,Corentin Moutet,23,1720,,1676.8,1534.1,1483.2,,1698.4,1627,1601.6,,2022 Adelaide 2 QF,22.7,1815.7
95,Philipp Kohlschreiber,38.5,1715.5,,1682.7,1638.2,1544,,1699.1,1676.9,1629.8,,2009 Stuttgart R32,25.7,1985.4
96,John Millman,32.9,1714.8,,1650.2,1569.2,1494.9,,1682.5,1642,1604.8,,2016 Winston-Salem QF,27.2,1845.6
97,Thiago Monteiro,27.9,1711.8,,1497.1,1682.1,1430.8,,1604.4,1696.9,1571.3,,2016 Bordeaux CH R32,21.9,1725.8
98,Steve Johnson,32.3,1711.1,,1636.2,1602.5,1585.3,,1673.7,1656.8,1648.2,,2017 Geneva R16,27.4,1932.3
99,Quentin Halys,25.5,1705.2,,1662.7,1486,1375.2,,1684,1595.6,1540.2,,2022 Saint-Brieuc CH QF,25.4,1731.9
100,Mikael Ymer,23.6,1704.6,,1674.1,1548.1,1509.7,,1689.4,1626.4,1607.2,,2019 Stockholm R32,21.1,1875.2
101,Denis Kudla,29.7,1704.2,,1611,1460.9,1658.5,,1657.6,1582.6,1681.4,,2015 Atlanta Qual,22.9,1772.4
102,Sam Querrey,34.5,1703.3,,1569.9,1619.7,1702.3,,1636.6,1661.5,1702.8,,2012 Paris R16,25.1,1971.5
103,Federico Coria,30.1,1703.2,,1371.4,1696.2,1256.6,,1537.3,1699.7,1479.9,,2021 Bastad SF,29.3,1740.5
104,Maxime Cressy,25,1697,,1641.2,1385.5,1451.9,,1669.1,1541.3,1574.5,,2022 Australian Open R32,24.7,1818.6
105,Pablo Andujar,36.3,1693.4,,1501.6,1661.1,1302.6,,1597.5,1677.2,1498,,2019 Tokyo Qual,33.7,1796.1
106,Roman Safiullin,24.7,1693.3,,1603,1450.8,1411,,1648.2,1572,1552.2,,2021 Doha Aus Open Qualies Qual,23.4,1695.1
107,Egor Gerasimov,29.5,1693.3,,1598.5,1502,1303.6,,1645.9,1597.7,1498.5,,2020 Davis Cup QLS R1,27.3,1791
108,Daniel Elahi Galan,25.9,1692.5,,1490.3,1637.6,1376,,1591.4,1665.1,1534.3,,2022 Tallahassee CH QF,25.8,1720.1
109,Federico Delbonis,31.6,1690.5,,1393.2,1723.1,1176.1,,1541.9,1706.8,1433.3,,2017 Hamburg QF,26.8,1863.1
110,Daniel Altmaier,23.6,1682.5,,1608.1,1630.5,1435.5,,1645.3,1656.5,1559,,2021 Luedenscheid CH F,22.9,1779.3
111,Liam Broady,28.3,1680.6,,1637.5,1431,1349.5,,1659,1555.8,1515,,2022 Phoenix CH QF,28.2,1740.2
112,Jordan Thompson,28,1680,,1616.6,1494,1590,,1648.3,1587,1635,,2019 s Hertogenbosch SF,25.1,1792.8
113,Fernando Verdasco,38.4,1678,,1635.1,1611.7,1568.4,,1656.5,1644.9,1623.2,,2010 Rome QF,26.4,2096.6
114,Bernabe Zapata Miralles,25.3,1677.2,,1494,1655.6,1476.1,,1585.6,1666.4,1576.6,,2021 Us Open Qual,24.6,1756.2
115,Roberto Carballes Baena,29.1,1676.9,,1480.6,1644.4,1377.5,,1578.7,1660.6,1527.2,,2019 Queen's Club Qual,26.2,1749.7
116,Christopher Eubanks,25.9,1676.7,,1614.6,1295.8,1329.5,,1645.6,1486.2,1503.1,,2022 Miami Qual,25.9,1708.1
117,Pedro Cachin,27.1,1673.6,,1117.3,1644.5,1311.5,,1395.5,1659.1,1492.6,,2022 Prague CH F,27.1,1673.6
118,Juan Pablo Varillas,26.6,1672.4,,1232,1655.2,1343.8,,1452.2,1663.8,1508.1,,2022 Santa Cruz De La Sierra CH SF,26.5,1719.1
119,Carlos Taberner,24.7,1669.3,,1359.8,1633.5,1406.3,,1514.6,1651.4,1537.8,,2021 Losinj CH SF,24.2,1720.4
120,Tomas Martin Etcheverry,22.8,1668.4,,1346.5,1626.2,1408.6,,1507.5,1647.3,1538.5,,2021 Cordenons CH SF,22,1780.5
121,Pablo Cuevas,36.3,1667.4,,1544.7,1644.1,1440.8,,1606.1,1655.7,1554.1,,2016 Nottingham SF,30.5,1909.2
122,Marco Trungelliti,32.2,1664.9,,1470.3,1599.5,1373.9,,1567.6,1632.2,1519.4,,2022 Madrid CH SF,32.2,1677.6
123,Yannick Hanfmann,30.4,1664.4,,1504.2,1629.6,1411.6,,1584.3,1647,1538,,2017 Gstaad SF,25.7,1763.9
124,Hugo Gaston,21.6,1663.4,,1540.9,1604.1,1421.9,,1602.1,1633.7,1542.6,,2021 Paris R16,21.1,1781.7
125,Lucas Pouille,28.2,1662.7,,1602.3,1619.2,1559.6,,1632.5,1640.9,1611.2,,2017 Halle R32,23.3,1977.1
126,Facundo Bagnis,32.2,1661.8,,1416.3,1655.6,1185.5,,1539,1658.7,1423.6,,2016 Marrakech R16,26.1,1713.4
127,Elias Ymer,26,1660.6,,1577.2,1578.9,1303.6,,1618.9,1619.8,1482.1,,2015 Caltanissetta CH F,19.2,1729.2
128,Chun Hsin Tseng,20.7,1658,,1416.6,1639.5,1426.6,,1537.3,1648.8,1542.3,,2022 Prague CH QF,20.7,1701.9
129,Pavel Kotov,23.5,1657.5,,1543.3,1516.4,-,,1600.4,1586.9,1528.8,,2022 Aix-En-Provence CH QF,23.5,1678.1
130,Mikhail Kukushkin,34.3,1656.9,,1614.8,1503.1,1495.5,,1635.9,1580,1576.2,,2010 St. Petersburg F,22.8,1849.6
131,Andreas Seppi,38.1,1656,,1578.2,1534.2,1573.8,,1617.1,1595.1,1614.9,,2013 Australian Open R32,28.9,1904.9
132,Nuno Borges,25.2,1654.4,,1508.4,1602.4,-,,1581.4,1628.4,1527.2,,2021 Oeiras 4 CH QF,24.3,1706.4
133,Pierre Hugues Herbert,31.1,1654.3,,1598.5,1580.1,1530,,1626.4,1617.2,1592.1,,2019 Montpellier SF,27.9,1845
134,Juan Manuel Cerundolo,20.3,1652.5,,1344.4,1681.8,1349.8,,1498.5,1667.1,1501.2,,2021 Lima 2 CH SF,19.9,1783.2
135,Nicolas Jarry,26.6,1651.6,,1439.5,1626.1,1494,,1545.6,1638.9,1572.8,,2018 Shanghai R32,23,1810.6
136,Gianluca Mager,27.4,1647.1,,1544.5,1583.6,1382.1,,1595.8,1615.3,1514.6,,2021 Prostejov CH QF,26.5,1729.5
137,Jurij Rodionov,23,1644.5,,1572.1,1471.8,1362.4,,1608.3,1558.1,1503.5,,2018 Astana CH QF,19.2,1691.9
138,Norbert Gombos,31.7,1643.7,,1538.4,1582.1,1395.6,,1591.1,1612.9,1519.7,,2020 Paris R32,30.2,1737.8
139,Henri Laaksonen,30.1,1643.3,,1551.4,1590.3,1234.5,,1597.3,1616.8,1438.9,,2021 Brest CH R16,29.6,1797.8
140,Stefano Travaglia,30.3,1642.2,,1553.6,1631.7,1426.5,,1597.9,1636.9,1534.3,,2021 Great Ocean Road Open SF,29.1,1797.9
141,Peter Gojowczyk,32.7,1639.4,,1564.3,1438.5,1547.3,,1601.8,1538.9,1593.3,,2018 Delray Beach SF,28.6,1830.2
142,Mats Moraing,29.8,1638.2,,1549.4,1561.4,1344.6,,1593.8,1599.8,1491.4,,2022 Phoenix CH R32,29.7,1725.9
143,Ivo Karlovic,42.6,1636.2,,1578.7,1537.1,1566.3,,1607.5,1586.7,1601.3,,2007 Paris R64,28.7,1958
144,Benoit Paire,33,1633.9,,1579.1,1584.2,1529.9,,1606.5,1609,1581.9,,2013 Roland Garros R64,24.1,1904.2
145,Aleksandar Vukic,26.1,1632.8,,1615.9,1375.2,1375.4,,1624.3,1504,1504.1,,2022 Indian Wells Qual,25.9,1730.2
146,Dominic Stricker,19.7,1632.2,,1618.7,1275.1,1471.9,,1625.5,1453.7,1552.1,,2021 Stuttgart R16,18.8,1789.8
147,Michael Mmoh,24.3,1632.2,,1529,1512,1383.3,,1580.6,1572.1,1507.7,,2017 San Francisco CH QF,19.1,1749.2
148,Feliciano Lopez,40.6,1631.6,,1553.2,1564.9,1701.3,,1592.4,1598.2,1666.4,,2014 Shanghai QF,33,1943.4
149,Zsombor Piros,22.5,1624.3,,1524.8,1539.7,-,,1574.6,1582,1512.2,,2022 Forli 2 CH QF,22.2,1669.5
150,Flavio Cobolli,20,1624.3,,1310.6,1599.6,-,,1467.4,1611.9,1512.1,,2021 Ercolano CH QF,19.4,1653.8
151,Marc Andrea Huesler,25.8,1621.4,,1410.5,1659.8,1324.2,,1515.9,1640.6,1472.8,,2020 Eckental CH R16,24.4,1717.5
152,Mitchell Krueger,28.3,1621.1,,1524.5,1353.9,1312.5,,1572.8,1487.5,1466.8,,2022 Sarasota CH R16,28.2,1621.9
153,Stefan Kozlov,24.2,1620.7,,1612.5,1283.5,1469.1,,1616.6,1452.1,1544.9,,2022 Acapulco R32,24.1,1700.1
154,Sebastian Ofner,26,1616.3,,1501.5,1508.5,1559.9,,1558.9,1562.4,1588.1,,2017 Vancouver CH R32,21.3,1699.6
155,Radu Albot,32.5,1614.7,,1582.8,1496.5,1401.6,,1598.7,1555.6,1508.1,,2019 Geneva QF,29.5,1808.1
156,Camilo Ugo Carabelli,22.9,1611.6,,1346.2,1603.2,-,,1478.9,1607.4,1505.8,,2021 Lima 1 CH SF,22.3,1615.8
157,Gregoire Barrere,28.2,1609.9,,1533.7,1491.1,1546.9,,1571.8,1550.5,1578.4,,2020 Rotterdam Qual,26,1792.2
158,Joao Sousa,33.1,1607.6,,1570.3,1502.6,1477.9,,1588.9,1555.1,1542.8,,2016 Australian Open R64,26.8,1844.7
159,Dennis Novak,28.7,1604.2,,1519.7,1516.9,1571,,1561.9,1560.5,1587.6,,2019 Ortisei CH R32,26.2,1749.8
160,Juan Ignacio Londero,28.6,1604,,1356.4,1596,1292.9,,1480.2,1600,1448.5,,2019 US Open R128,26,1764.4
161,Igor Ribeiro Marcondes,24.6,1597.9,,1265.9,1583,-,,1431.9,1590.5,1499,,2022 Blumenau CH F,24.6,1597.9
162,Damir Dzumhur,29.9,1593.2,,1504.4,1538.1,1571.8,,1548.8,1565.6,1582.5,,2018 Dubai R32,25.8,1887.8
163,Ernesto Escobedo,25.8,1592,,1571.6,1386.4,1401.9,,1581.8,1489.2,1497,,2017 Houston QF,20.8,1757.1
164,Alexei Popyrin,22.7,1591.9,,1546.3,1526.5,1474.6,,1569.1,1559.2,1533.3,,2021 Madrid R32,21.7,1810.5
165,Yosuke Watanuki,24,1589.8,,1509.8,1420.1,1435.4,,1549.8,1505,1512.6,,2018 Ningbo CH R32,20.5,1657.2
166,Marco Cecchinato,29.6,1587.9,,1333.2,1586.8,1336.1,,1460.5,1587.3,1462,,2018 Umag F,25.8,1829
167,Paul Jubb,22.5,1585.7,,1359.3,1485.8,1428.7,,1472.5,1535.7,1507.2,,2022 Santa Cruz De La Sierra CH F,22.4,1638.3
168,Vit Kopriva,24.9,1584.3,,1444.8,1531.2,-,,1514.6,1557.8,1492.2,,2021 Gstaad QF,24.1,1664.3
169,Bjorn Fratangelo,28.8,1583.7,,1521.4,1538.4,1431.6,,1552.5,1561.1,1507.7,,2017 Ilkley CH R16,23.9,1736.8
170,Emilio Gomez,30.4,1582.8,,1554,1350.6,1189.6,,1568.4,1466.7,1386.2,,2022 Tallahassee CH R32,30.4,1600
171,Zhizhen Zhang,25.5,1578.5,,1367.4,1533.2,1522.2,,1472.9,1555.8,1550.3,,2020 Bendigo CH R64,23.2,1623.5
172,Dimitar Kuzmanov,28.8,1578.4,,1483.2,1525.3,1450.4,,1530.8,1551.8,1514.4,,2021 Barcelona CH F,28.2,1614.6
173,Luca Nardi,18.7,1576.8,,1538.1,1397.5,-,,1557.4,1487.2,1488.4,,2022 Barletta CH QF,18.7,1615.3
174,Christian Harrison,27.9,1576.2,,1447.5,1526.4,1506.4,,1511.9,1551.3,1541.3,,2021 Orlando 1 CH QF,26.9,1608.7
175,Alessandro Giannessi,31.9,1575.4,,1296.4,1555.2,1279,,1435.9,1565.3,1427.2,,2011 Napoli2 CH SF,21.3,1728.7
176,Cedrik Marcel Stebe,31.6,1574.5,,1562.9,1479.4,1416.1,,1568.7,1526.9,1495.3,,2017 Sibiu CH F,26.9,1805.8
177,Frederico Ferreira Silva,26.8,1572.8,,1506.9,1441.6,1472.2,,1539.8,1507.2,1522.5,,2021 Nur-Sultan 2 CH R16,26,1662.4
178,Andrey Kuznetsov,31.2,1571.9,,1519.1,1571.2,1494.5,,1545.5,1571.6,1533.2,,2016 Moscow R32,25.7,1877.5
179,Mate Valkusz,23.7,1571.5,,1282.3,1516.6,-,,1426.9,1544,1485.7,,2022 Mauthausen CH QF,23.7,1600.2
180,Gastao Elias,31.4,1570.3,,1370.7,1540.6,1262.2,,1470.5,1555.4,1416.2,,2016 Rio Olympics R64,25.7,1723.9
181,Zizou Bergs,22.8,1569.6,,1505,1481,-,,1537.3,1525.3,1484.8,,2021 Braunschweig CH R16,22.1,1724.9
182,Gilles Simon,37.3,1568.6,,1558,1480,1508.4,,1563.3,1524.3,1538.5,,2009 Rotterdam R32,24.1,2015.9
183,Tennys Sandgren,30.8,1566.4,,1509,1455.8,1526.7,,1537.7,1511.1,1546.6,,2020 Roland Garros R128,29.2,1779.1
184,Jozef Kovalik,29.5,1566.1,,1401.1,1545.8,1302.9,,1483.6,1555.9,1434.5,,2018 Hamburg QF,25.7,1706.8
185,Evan Furness,23.7,1565.5,,1418.7,1480,-,,1492.1,1522.7,1482.7,,2022 Ostrava CH F,23.7,1583
186,Constant Lestienne,29.9,1564.7,,1567.3,1379.9,1284.2,,1566,1472.3,1424.5,,2018 Antwerp Qual,26.4,1637.9
187,Matthew Ebden,34.4,1562,,1502,1262.6,1564.3,,1532,1412.3,1563.2,,2018 Shanghai R16,30.9,1778.4
188,Illya Marchenko,34.6,1559,,1502.8,1320,1442.1,,1530.9,1439.5,1500.5,,2010 Marseille Qual,22.4,1776.3
189,Franco Agamenone,29,1558.8,,1401.2,1564.1,-,,1480,1561.5,1479.4,,2021 Ercolano CH QF,28.5,1699.3
190,Alexander Ritschard,28.1,1557.9,,1451.5,1466.8,-,,1504.7,1512.4,1479,,2022 Santa Cruz De La Sierra CH R32,28,1586.6
191,Matthias Bachinger,34.8,1554.2,,1499.7,1441.2,1453.4,,1527,1497.7,1503.8,,2011 Granby CH SF,24.3,1704.1
192,Mario Vilella Martinez,26.7,1552.9,,1481.4,1523.3,1307,,1517.2,1538.1,1430,,2021 Tampere CH R16,26,1679.1
193,Salvatore Caruso,29.4,1551.9,,1501.5,1501.1,1465.2,,1526.7,1526.5,1508.5,,2019 US Open Qual,26.7,1710.6
194,Yuichi Sugita,33.6,1550.4,,1500.8,1303.2,1524.9,,1525.6,1426.8,1537.6,,2017 Cincinnati R16,28.9,1788.9
195,Maximilian Marterer,26.9,1548.8,,1542,1432.3,1346.8,,1545.4,1490.5,1447.8,,2018 Stuttgart R32,23,1804.7
196,Tomas Barrios Vera,24.4,1548.1,,1369.8,1475.8,1504.3,,1458.9,1511.9,1526.2,,2021 Meerbusch CH F,23.7,1667.9
197,Ryan Peniston,26.5,1547.5,,1426.6,1463.7,1271.8,,1487,1505.6,1409.6,,2021 Antalya 3 CH SF,26.1,1614.4
198,Manuel Guinard,26.5,1545.9,,1391.2,1498.2,-,,1468.5,1522,1472.9,,2022 Zadar CH QF,26.3,1631.1
199,Jason Kubler,28.9,1544.9,,1466.6,1340.6,1477.4,,1505.8,1442.8,1511.2,,2018 US Open R128,25.3,1695.1
200,Hugo Grenier,26.1,1544.8,,1480.5,1361.7,-,,1512.7,1453.2,1472.4,,2022 Bendigo CH R16,25.8,1654
201,Max Purcell,24.1,1543.8,,1504,1325.2,1516.2,,1523.9,1434.5,1530,,2021 Washington Qual,23.3,1650.4
202,Robin Haase,35,1539.6,,1519.7,1466.8,1536.6,,1529.6,1503.2,1538.1,,2011 Winston-Salem QF,24.4,1858.2
203,Enzo Couacaud,27.2,1537.6,,1528.8,1333.2,1438.1,,1533.2,1435.4,1487.8,,2020 Pau CH R32,25,1622.3
204,Antoine Escoffier,30.2,1536.7,,1521.4,1091.1,-,,1529.1,1313.9,1468.4,,2022 Saint-Brieuc CH QF,30.1,1570.2
205,Tim Van Rijthoven,25,1535.7,,1504.4,1151.6,-,,1520,1343.6,1467.8,,2022 Forli 5 CH QF,24.8,1647.8
206,Gian Marco Moroni,24.2,1535.3,,1411.9,1492.5,-,,1473.6,1513.9,1467.6,,2018 Vicenza CH QF,20.3,1668.1
207,Alex Bolt,29.2,1532.2,,1493.1,1128.3,1559,,1512.7,1330.3,1545.6,,2019 Indian Wells R128,26.2,1668.7
208,Thomas Fabbiano,32.9,1529,,1451.4,1449.7,1528,,1490.2,1489.4,1528.5,,2017 Eastbourne R32,28.1,1694.7
209,Alexandre Muller,25.2,1527.8,,1441.6,1465.1,1291.8,,1484.7,1496.4,1409.8,,2021 Doha Aus Open Qualies Qual,23.9,1633
210,Kacper Zuk,23.3,1527,,1512.1,1424.5,1449.3,,1519.5,1475.7,1488.1,,2021 Prague 1 CH R32,22.3,1746.8
211,Gerald Melzer,31.8,1526.6,,1412.5,1493.2,1447.4,,1469.6,1509.9,1487,,2018 Quito R16,27.6,1707.5
212,Jonas Forejtek,21.1,1525.7,,1484.6,1401,-,,1505.2,1463.3,1462.9,,2022 Ostrava CH R16,21.1,1571.2
213,Bernard Tomic,29.5,1525.6,,1512.6,1399.2,1543.6,,1519.1,1462.4,1534.6,,2016 Australian Open R32,23.2,1945
214,Andrea Vavassori,26.9,1522.7,,1411.5,1481.1,-,,1467.1,1501.9,1461.3,,2021 Bari CH R16,26.6,1595.3
215,Marius Copil,31.5,1521.5,,1480.9,1389.5,1557.9,,1501.2,1455.5,1539.7,,2018 Basel SF,28,1756.9
216,Jay Clarke,23.7,1520.7,,1503.2,1294.9,1273,,1512,1407.8,1396.9,,2019 Nanchang CH R32,20.7,1633.3
217,Sergiy Stakhovsky,36,1520.4,,1453.4,1457.2,1523,,1486.9,1488.8,1521.7,,2010 Kuala Lumpur R32,24.7,1844.5
218,Felipe Meligeni Alves,24.2,1520,,1247.8,1490.2,1339,,1383.9,1505.1,1429.5,,2021 Doha Aus Open Qualies Qual,22.9,1680.3
219,Lukas Klein,24.1,1519.3,,1293.2,1437.3,1508.2,,1406.3,1478.3,1513.8,,2021 Warsaw CH R16,23.4,1604.6
220,Leandro Riedi,20.2,1518.9,,1497.6,1299.3,-,,1508.2,1409.1,1459.5,,2022 Lugano CH SF,20.1,1580.6
221,Mirza Basic,30.8,1518.5,,1413.6,1466.6,1267.9,,1466,1492.5,1393.2,,2018 Sofia F,26.6,1710.6
222,Pedro Sousa,33.9,1516.4,,1187.7,1503.1,1396.3,,1352.1,1509.8,1456.4,,2017 Rome CH R32,29.3,1698.7
223,Ernests Gulbis,33.5,1515.5,,1482.3,1442.2,1479,,1498.9,1478.8,1497.3,,2014 Roland Garros QF,25.7,2048.2
224,Jesper De Jong,21.9,1515.4,,1409.7,1478,-,,1462.6,1496.7,1457.7,,2022 Traralgon CH QF,21.6,1671.2
225,Tung Lin Wu,24,1512,,1371.6,1451.9,-,,1441.8,1482,1456,,2019 Gwangju CH R16,21,1583.2
226,Evgeny Donskoy,31.9,1509.2,,1464.9,1372.1,1428.6,,1487,1440.7,1468.9,,2015 Pune CH SF,25.5,1721.4
227,Lukas Lacko,34.5,1506.8,,1441.7,1246.8,1506.5,,1474.3,1376.8,1506.7,,2012 Dallas2 CH R16,24.3,1793.1
228,Borna Gojo,24.2,1506.6,,1532.9,1282.2,1279.8,,1519.8,1394.4,1393.2,,2021 Doha Aus Open Qualies Qual,22.9,1630
229,Vitaliy Sachko,24.8,1505.7,,1419.7,1455.3,-,,1462.7,1480.5,1452.8,,2021 Trieste CH R16,24,1613.7
230,Gijs Brouwer,26.1,1505.6,,1308.7,1376,-,,1407.2,1440.8,1452.8,,2022 Sarasota CH R32,26.1,1541.2
231,Dmitry Popko,25.5,1505.1,,1414.5,1480.9,1287.8,,1459.8,1493,1396.4,,2020 Bangkok CH QF,23.2,1617.6
232,Thiago Agustin Tirante,20.9,1504.3,,1341.7,1488.5,-,,1423,1496.4,1452.2,,2021 Ambato CH F,20.4,1663.2
233,Nino Serdarusic,25.4,1503.8,,1346.9,1448.5,1349.4,,1425.3,1476.1,1426.6,,2022 Oeiras 1 CH SF,25.3,1557
234,Zdenek Kolar,25.6,1501.4,,1357.8,1471.6,1369.6,,1429.6,1486.5,1435.5,,2021 Szczecin CH F,24.9,1597.1
235,Cem Ilkel,26.5,1500.7,,1460.7,1345.3,1273.4,,1480.7,1423,1387.1,,2021 Bergamo CH SF,26.2,1604.7
236,Altug Celikbilek,25.6,1494.2,,1441.8,1298.7,1502,,1468,1396.4,1498.1,,2021 Segovia CH R16,24.9,1696.5
237,Thai Son Kwiatkowski,26.8,1493.9,,1427.9,1437.4,1224.2,,1460.9,1465.6,1359,,2020 Indian Wells CH R64,25,1634.4
238,Dalibor Svrcina,19.6,1493.3,,1304,1434.1,-,,1398.7,1463.7,1446.7,,2021 Prague 2 CH F,18.9,1596.5
239,Ramkumar Ramanathan,27.5,1491,,1411.9,1345,1546.4,,1451.5,1418,1518.7,,2018 Nanchang CH R16,23.4,1605.9
240,Sumit Nagal,24.7,1491,,1378,1420.2,1346.9,,1434.5,1455.6,1419,,2019 Campinas CH QF,22.1,1717.1
241,Facundo Mena,29.5,1489.7,,1228.4,1465.4,-,,1359,1477.5,1444.8,,2019 Banja Luka CH R16,27,1603
242,Geoffrey Blancaneaux,23.7,1488.9,,1363.6,1472.5,1346,,1426.3,1480.7,1417.5,,2022 Traralgon CH R32,23.4,1503.5
243,Daniel Masur,27.5,1487.1,,1435.5,1321.3,1437.8,,1461.3,1404.2,1462.5,,2021 Lugano CH R16,26.4,1598.7
244,Genaro Alberto Olivieri,23.7,1486.9,,1385,1453.8,-,,1436,1470.4,1443.5,,2021 Prague 3 CH QF,23.1,1524.2
245,Renzo Olivo,30.1,1486.2,,1304.1,1457.2,1253.3,,1395.2,1471.7,1369.8,,2015 Buenos Aires R32,22.9,1651.7
246,Alexis Galarneau,23.1,1485.2,,1445.9,1289.1,-,,1465.5,1387.1,1442.6,,2022 Lille CH R16,23.1,1509
247,Giulio Zeppieri,20.4,1484.1,,1251,1444.4,-,,1367.6,1464.3,1442,,2021 Como CH R32,19.7,1604.7
248,Timofey Skatov,21.3,1483.7,,1480.5,1380.1,-,,1482.1,1431.9,1441.9,,2021 Trieste CH QF,20.5,1599.5
249,Filip Horansky,29.3,1483.6,,1382,1487.2,1213,,1432.8,1485.4,1348.3,,2021 Las Palmas 1 CH R16,28.1,1581.5
250,Duje Ajdukovic,21.2,1482.3,,1272,1448.6,-,,1377.1,1465.5,1441.2,,2021 Antalya 1 CH R16,20,1596.8
251,Carlos Gimeno Valero,20.9,1481.9,,1288.7,1418.8,-,,1385.3,1450.3,1440.9,,2021 Las Palmas 2 CH F,19.7,1625.8
252,Prajnesh Gunneswaran,32.4,1480.4,,1460.8,1258.8,1279.2,,1470.6,1369.6,1379.8,,2019 Anning CH SF,29.4,1728.3
253,Michael Vrbensky,22,1479.7,,1363.8,1416,-,,1421.8,1447.8,1439.8,,2021 Amersfoort CH R32,21.5,1577.7
254,Tobias Kamke,35.8,1479.3,,1431,1363.1,1429.2,,1455.2,1421.2,1454.2,,2012 Australian Open R128,25.7,1755
255,Kyrian Jacquet,21,1479.3,,1304.5,1453.9,-,,1391.9,1466.6,1439.6,,2021 Tampere CH QF,20.2,1601.1
256,Lukas Rosol,36.8,1477.5,,1465.9,1429.5,1474.4,,1471.7,1453.5,1476,,2014 Winston-Salem F,29.1,1880.7
257,Ruben Bemelmans,34.2,1474.7,,1405.2,1380.4,1532.6,,1439.9,1427.6,1503.7,,2012 Orleans CH SF,24.7,1707.9
258,Mathias Bourgue,28.3,1473,,1475.5,1379.5,1367.2,,1474.3,1426.3,1420.1,,2021 Biella 4 CH R16,27.2,1664.6
259,Andrea Arnaboldi,34.3,1472.3,,1351.5,1423.9,1501.6,,1411.9,1448.1,1487,,2015 Cortina CH QF,27.6,1593.7
260,Eduard Esteve Lobato,27.5,1470.4,,-,1439.9,-,,1345.2,1455.1,1435.2,,2022 Zadar CH R16,27.5,1530.5
261,Antoine Bellier,25.5,1470,,1254.4,1458.3,-,,1362.2,1464.1,1435,,2022 San Luis Potosi CH F,25.5,1506.8
262,Jelle Sels,26.7,1469.4,,1406.5,1340.3,1357.1,,1438,1404.8,1413.2,,2019 Sibiu CH QF,24.1,1511.7
263,Aleksandar Kovacevic,23.7,1468.6,,1376.3,1291.3,-,,1422.4,1379.9,1434.3,,2021 Las Vegas CH QF,23.2,1570.1
264,Nicolas Moreno De Alboran,24.8,1468.1,,1469.7,1286.5,-,,1468.9,1377.3,1434,,2022 Salinas CH SF,24.7,1536.1
265,Darian King,29.7,1467.8,,1451.4,1298.1,1369.6,,1459.6,1383,1418.7,,2017 Davis Cup G2 R2,24.9,1703.5
266,Juan Pablo Ficovich,25.3,1467.7,,1249.4,1513.6,1373.7,,1358.5,1490.7,1420.7,,2020 Alicante CH R16,23.7,1582.3
267,Nikola Milojevic,26.9,1467.4,,1432.3,1394.6,1404.5,,1449.8,1431,1436,,2021 Zagreb CH R16,25.9,1628.5
268,Denis Istomin,35.6,1465.5,,1424.3,1428.2,1433.6,,1444.9,1446.9,1449.6,,2012 Indian Wells R32,25.5,1849.3
269,Benjamin Hassan,27.2,1464.3,,1311.8,1444,-,,1388.1,1454.2,1432.2,,2019 Prostejov CH R16,24.3,1631.1
270,Adrian Andreev,20.9,1464.2,,1405.3,1328.8,-,,1434.7,1396.5,1432.1,,2021 Singapore R32,19.8,1509.6
271,Kimmer Coppejans,28.1,1464.2,,1413.1,1405.4,1169,,1438.6,1434.8,1316.6,,2015 Turin CH SF,21.2,1686.6
272,Guido Andreozzi,30.4,1462.1,,1395.9,1458.2,1231.6,,1429,1460.1,1346.8,,2018 Roland Garros Qual,26.8,1734
273,Blaz Rola,31.6,1461.8,,1415,1437.1,1397.5,,1438.4,1449.4,1429.7,,2014 Panama City CH SF,23.4,1729.7
274,Andrea Collarini,30.2,1461.7,,1177.4,1428,1319.6,,1319.6,1444.9,1390.7,,2019 Buenos Aires CH R16,27.6,1557.7
275,Riccardo Bonadio,28.8,1460.2,,1229,1396.4,-,,1344.6,1428.3,1430.1,,2021 Las Palmas 1 CH R16,27.6,1564
276,Lorenzo Giustino,30.6,1456.6,,1326.6,1426.8,1229.2,,1391.6,1441.7,1342.9,,2019 Blois CH QF,27.8,1628.8
277,Matheus Pucinelli De Almeida,21.1,1456.6,,-,1434.5,-,,1338.3,1445.5,1428.3,,2022 Concepcion CH R16,20.9,1632.5
278,Go Soeda,37.5,1454.6,,1394.7,1299.5,1493.8,,1424.6,1377.1,1474.2,,2012 Kaohsiung CH F,27.6,1706.9
279,Nicola Kuhn,22.1,1454,,1367.1,1417.3,1443.5,,1410.5,1435.6,1448.7,,2017 Meerbusch CH QF,17.4,1600.8
280,Andrej Martin,32.6,1451.7,,1272.7,1410.1,1171.7,,1362.2,1430.9,1311.7,,2014 US Open Qual,24.9,1665.5
281,Raul Brancaccio,25,1451,,1282.3,1414.5,-,,1366.6,1432.7,1425.5,,2021 Bari CH R16,24.6,1496.7
282,Jason Jung,32.9,1450.9,,1407.6,1264.2,1467.5,,1429.3,1357.5,1459.2,,2018 Zhuhai CH QF,28.7,1652.2
283,Murkel Alejandro Dellien Velasco,24.6,1450.8,,1500,1418.2,1500,,1475.4,1434.5,1475.4,,2022 Tigre CH QF,24.3,1599.8
284,Thiago Seyboth Wild,22,1448.7,,1337.4,1417.8,1348.9,,1393,1433.2,1398.8,,2020 Aix En Provence CH SF,20.5,1729.7
285,Arthur Fils,17.9,1447.7,,1379.7,1318.6,-,,1413.7,1383.2,1423.9,,2022 Lille CH R16,17.8,1488.8
286,Federico Gaio,30.2,1447.4,,1360.4,1433.4,1387.5,,1403.9,1440.4,1417.4,,2019 San Benedetto CH QF,27.4,1603.5
287,Santiago Fa Rodriguez Taverna,22.8,1446.9,,1186.8,1431.8,-,,1316.8,1439.3,1423.4,,2022 Concepcion CH SF,22.5,1654.3
288,Brayden Schnur,26.7,1445.6,,1379.3,1358.5,1435.8,,1412.4,1402,1440.7,,2019 New York SF,23.6,1705.7
289,Yasutaka Uchiyama,29.5,1444.3,,1370.8,1216.9,1382.5,,1407.5,1330.6,1413.4,,2019 Playford CH SF,27.2,1723.9
290,Noah Rubin,26.2,1443.2,,1427.9,1385.3,1365.6,,1435.6,1414.3,1404.4,,2018 Washington R32,22.4,1709.2
291,Gonzalo Lama,29,1441.4,,1147.1,1410.7,-,,1294.2,1426.1,1420.7,,2016 Sao Paulo CH F,23,1595.1
292,Donald Young,32.7,1438.2,,1386.5,1379.8,1454,,1412.4,1409,1446.1,,2017 Miami R32,27.7,1837
293,Marc Polmans,24.8,1436.6,,1339.4,1374.1,1433.3,,1388,1405.3,1434.9,,2020 Cologne 1 Qual,23.4,1602.5
294,Nicolas Alvarez Varona,20.9,1435.9,,1256.3,1359.6,-,,1346.1,1397.7,1417.9,,2021 Rio De Janeiro CH SF,20.6,1479.5
295,Paolo Lorenzi,39.7,1434.6,,1437.8,1423,1217.9,,1436.2,1428.8,1326.3,,2017 Quito SF,35.1,1784.6
296,Harold Mayot,20.1,1433.8,,1364,1294.1,-,,1398.9,1363.9,1416.9,,2020 Aix En Provence CH R32,18.6,1567.3
297,Daniel Michalski,22.3,1431.1,,1498.9,1406.7,1500,,1465,1418.9,1465.6,,2018 Sopot CH R32,18.5,1576.1
298,Miljan Zekic,33.8,1430.5,,1278.6,1378.6,1426.4,,1354.5,1404.6,1428.4,,2016 Banja Luka CH SF,28.2,1606.9
299,Lucas Miedler,25.9,1430.2,,1385,1350.1,1339,,1407.6,1390.1,1384.6,,2019 Roland Garros Qual,22.9,1499.7
300,Andrea Pellegrino,25.1,1429.1,,1240.6,1401.9,1374.9,,1334.8,1415.5,1402,,2021 Lyon CH R16,24.2,1548
301,Nicolas Kicker,29.7,1428.5,,1372.9,1415.4,1297.8,,1400.7,1422,1363.2,,2018 Madrid Qual,25.7,1689.8
302,Tatsuma Ito,33.5,1427.3,,1388.7,1172.6,1411.8,,1408,1300,1419.5,,2012 Dusseldorf RR,24,1729
303,Calvin Hemery,27.3,1426.9,,1344.9,1439.8,1352.1,,1385.9,1433.4,1389.5,,2015 Padova CH QF,20.4,1643.2
304,Gonzalo Villanueva,27.3,1424,,1146.3,1419.8,-,,1285.2,1421.9,1412,,2022 Salvador De Bahia CH QF,27.3,1440.4
305,Rinky Hijikata,21.2,1422.7,,1432.4,1146.9,-,,1427.5,1284.8,1411.3,,2022 Australian Open Qual,20.9,1538.9
306,Nerman Fatic,27.5,1422.2,,1319.8,1409.2,1500,,1371,1415.7,1461.1,,2021 Perugia CH R16,26.7,1573.7
307,Tristan Lamasine,29.1,1422.1,,1395.5,1336.9,1475.8,,1408.8,1379.5,1448.9,,2015 Alphen CH QF,22.5,1624.6
308,Adrian Menendez Maceiras,36.5,1420.3,,1373.9,1363.2,1339.5,,1397.1,1391.8,1379.9,,2015 Leon CH SF,29.4,1615.3
309,Peter Polansky,33.4,1419.6,,1377.2,1267.7,1354.3,,1398.4,1343.7,1386.9,,2009 Cali CH R32,21.2,1643.8
310,Arthur Cazaux,19.7,1416.7,,1297.1,1328.5,-,,1356.9,1372.6,1408.3,,2022 Aguascalientes CH R16,19.7,1434.7
311,Matteo Arnaldi,21.2,1415.4,,1130.7,1405.8,-,,1273,1410.6,1407.7,,2022 Rome CH R32,21.2,1437.1
312,Aidan Mchugh,21.5,1412.9,,1376,-,1275,,1394.5,1316.5,1344,,2021 Knoxville CH R16,21.3,1465.2
313,Antoine Hoang,26.5,1412.9,,1335.7,1361.1,1601.7,,1374.3,1387,1507.3,,2019 Montpellier R32,23.3,1715.6
314,Teymuraz Gabashvili,36.5,1412.9,,1427.5,1333.8,1420.7,,1420.2,1373.3,1416.8,,2009 Casablanca R16,23.9,1794
315,Steven Diez,31.1,1412,,1359.2,1376.1,1285.6,,1385.6,1394.1,1348.8,,2019 Ningbo CH SF,28.6,1602.1
316,Johan Nikles,25.1,1409.6,,1312.9,1344.3,-,,1361.2,1376.9,1404.8,,2022 Las Palmas CH R16,24.9,1490.4
317,Govind Nanda,21.2,1408.7,,1329.8,1276.1,-,,1369.2,1342.4,1404.3,,2022 Savannah CH R32,21.2,1429.6
318,Filip Misolic,20.7,1407.7,,-,1373.8,-,,1313.9,1390.7,1403.9,,2021 Losinj CH R16,20.2,1482
319,Joao Menezes,25.4,1406.7,,1365.8,1363.5,1339,,1386.2,1385.1,1372.8,,2019 US Open Qual,22.7,1636.8
320,Filip Cristian Jianu,20.6,1405.2,,1344.2,1345.5,1439.1,,1374.7,1375.4,1422.2,,2019 Sibiu CH R32,18,1617.3
321,Roberto Marcora,32.2,1403.2,,1348.1,1360.2,1261.4,,1375.6,1381.7,1332.3,,2020 Cherbourg CH SF,30.4,1634.7
322,Ulises Blanch,24,1402.8,,1375.7,1255.8,1380.3,,1389.2,1329.3,1391.6,,2020 Roland Garros Qual,22.5,1590.8
323,Alexander Shevchenko,21.4,1401.9,,1290.8,1344.2,-,,1346.4,1373,1400.9,,2022 Mauthausen CH R32,21.4,1418.1
324,Stefano Napolitano,27,1401.8,,1344.7,1376,1420.1,,1373.2,1388.9,1410.9,,2016 Ortisei CH F,21.6,1617.3
325,Michael Geerts,27.3,1401.8,,1360.9,1248.3,-,,1381.4,1325,1400.9,,2021 Manacor CH QF,26.6,1523.8
326,Mohamed Safwat,31.6,1399.9,,1332,1398.9,1414.9,,1366,1399.4,1407.4,,2020 Bengaluru CH R32,29.4,1629.1
327,Emilio Nava,20.4,1399.4,,1376.2,1336.9,1500,,1387.8,1368.1,1449.7,,2019 Monterrey CH R64,17.3,1536.8
328,Mikael Torpegaard,28,1398.3,,1386,1306.8,1355.3,,1392.2,1352.5,1376.8,,2016 Las Vegas CH R16,22.4,1765.6
329,Oleksii Krutykh,22.1,1397.5,,1369.8,1320.7,-,,1383.7,1359.1,1398.8,,2021 Kyiv CH R16,21.5,1471.2
330,Zachary Svajda,19.3,1394.8,,1366.7,1418.3,1500,,1380.8,1406.6,1447.4,,2019 Fairfield CH R64,16.9,1491
331,Ergi Kirkin,23.2,1392.6,,1342,1290.6,1372.7,,1367.3,1341.6,1382.7,,2021 Istanbul 1 CH R16,22,1431.7
332,Nikolas Sanchez Izquierdo,23.1,1392.4,,1162.3,1353.3,-,,1277.4,1372.9,1396.2,,2021 Oeiras 4 CH R16,22.2,1449.3
333,Julian Lenz,29.2,1391.9,,1348.8,1318.7,1349.8,,1370.3,1355.3,1370.8,,2019 Augsburg CH QF,26.5,1557.7
334,Alexis Gautier,25,1390.7,,-,1358.2,-,,1305.4,1374.5,1395.4,,2021 Santiago 1 CH R32,24.5,1508.4
335,Francesco Passaro,21.3,1390.1,,-,1367.5,-,,1305,1378.8,1395,,2022 Barletta CH R32,21.3,1431.5
336,Javier Barranco Cosano,23.4,1389.4,,1154.9,1341.2,-,,1272.1,1365.3,1394.7,,2021 Antalya 4 CH R32,23.1,1458.3
337,Akira Santillan,24.9,1389.2,,1324.4,1281.5,1315.7,,1356.8,1335.3,1352.4,,2017 US Open Qual,20.3,1665.3
338,Hiroki Moriya,31.4,1388.1,,1321.2,1154.2,1344.9,,1354.6,1271.1,1366.5,,2012 Brisbane Qual,22.2,1568.9
339,Elliot Benchetrit,23.5,1386.2,,1377.7,1317.6,-,,1381.9,1351.9,1393.1,,2019 Lyon CH R64,20.7,1598.4
340,Evgenii Tiurnev,25,1385.4,,1340.9,1278,-,,1363.2,1331.7,1392.7,,2022 Forli 2 CH R32,24.8,1465.9
341,Evgeny Karlovskiy,27.7,1384.9,,1369.9,1164.5,1375.6,,1377.4,1274.7,1380.2,,2019 Eckental CH QF,25.2,1554.5
342,Luciano Darderi,20.2,1384.4,,1201.5,1342.9,-,,1293,1363.7,1392.2,,2022 Buenos Aires CH R32,20.2,1427.5
343,Malek Jaziri,38.3,1383.2,,1362.3,1390.9,1344.8,,1372.8,1387.1,1364,,2017 Miami R64,33.2,1794.2
344,Mats Rosenkranz,23.7,1381.9,,1354.5,1236,-,,1368.2,1308.9,1390.9,,2022 Ostrava CH R16,23.7,1401.1
345,Danilo Petrovic,29.8,1381.6,,1321.4,1379.2,1250.1,,1351.5,1380.4,1315.9,,2020 Rennes CH QF,28,1592.2
346,Nicolas Alvarez,25.9,1381.1,,1197.3,1367.2,-,,1289.2,1374.1,1390.5,,2022 Salinas CH R32,25.8,1426.3
347,Michail Pervolarakis,25.8,1380.9,,1311.2,1199.7,-,,1346.1,1290.3,1390.5,,2020 Launceston CH R32,23.7,1488.6
348,Pedro Sakamoto,28.6,1380.4,,1268.1,1344.1,-,,1324.2,1362.3,1390.2,,2019 Rome CH R64,25.9,1478.7
349,Facundo Diaz Acosta,21.4,1378.5,,1064.9,1384.6,-,,1221.7,1381.6,1389.3,,2022 Blumenau CH R16,21.1,1420.3
350,Matteo Viola,34.7,1378.5,,1352,1245.2,1360.3,,1365.2,1311.8,1369.4,,2012 Doha Qual,25.5,1645.2
351,Yannick Maden,32.4,1367.5,,1324.4,1388.4,1425.3,,1345.9,1377.9,1396.4,,2019 Lille CH SF,29.4,1693
352,Igor Sijsling,34.1,1364.8,,1305.5,1409,1529.2,,1335.2,1386.9,1447,,2013 Newport R16,25.9,1814.3
353,Roberto Quiroz,30.2,1362.8,,1321.4,1317.1,1395.5,,1342.1,1340,1379.1,,2021 Delray Beach R16,28.9,1544.4
354,Yunseong Chung,24.1,1362.3,,1319.2,1332.3,1329.7,,1340.8,1347.3,1346,,2019 Gwangju CH R32,21.1,1564.7
355,Otto Virtanen,20.7,1360.8,,1302.7,1315.9,-,,1331.7,1338.4,1380.4,,2021 Ismaning CH R32,20.3,1479.7
356,Maxime Janvier,25.5,1359.5,,1318.6,1335,1341.9,,1339.1,1347.3,1350.7,,2019 Vancouver CH QF,22.8,1582.4
357,Hernan Casanova,28.2,1357.8,,1176.5,1318.2,-,,1267.2,1338,1378.9,,2022 Tigre CH R16,27.9,1438.5
358,Denis Yevseyev,28.9,1354.9,,1307.7,1176,-,,1331.3,1265.5,1377.5,,2022 Forli 1 CH R32,28.6,1414.7
359,Johannes Haerteis,25.7,1354.5,,1349.5,1293.9,1362,,1352,1324.2,1358.2,,2020 Sibiu CH R16,24.6,1546.4
360,Joao Domingues,28.6,1352.6,,1206.7,1331.4,1240.3,,1279.6,1342,1296.5,,2019 Braga CH F,25.6,1647
361,Alexandar Lazarov,24.4,1352.1,,1361.9,1183.9,-,,1357,1268,1376.1,,2021 Antalya 4 CH R16,24.1,1421.5
362,Fabian Marozsan,22.5,1351.1,,1328.1,1220.7,-,,1339.6,1285.9,1375.5,,2021 Bergamo CH QF,22.1,1505.6
363,Daniel Dutra Da Silva,33.8,1348.2,,1124.6,1332,-,,1236.4,1340.1,1374.1,,2008 Seville CH R32,20.2,1482.5
364,Pol Martin Tiffon,22.8,1347.8,,-,1324.1,-,,1283.9,1336,1373.9,,2021 Quito CH QF,22.1,1486.3
365,Nicolas Mejia,22.2,1347.7,,1277.4,1290,-,,1312.5,1318.8,1373.8,,2021 Los Cabos Qual,21.4,1519.2
366,Viktor Durasovic,25.1,1347.2,,1348.2,1104.8,1404.5,,1347.7,1226,1375.8,,2014 Davis Cup G2 R1,16.9,1465.5
367,Sebastian Fanselow,30.3,1346.5,,1301.2,1316.6,-,,1323.8,1331.5,1373.3,,2019 Burnie CH R16,27,1565.6
368,Sasi Kumar Mukund,25.1,1346.3,,1289.8,1293.8,1283,,1318.1,1320.1,1314.7,,2019 Chennai CH QF,22.1,1459.2
369,Alex Rybakov,25.2,1343.4,,1212.5,1262.7,1440.9,,1277.9,1303,1392.2,,2022 Savannah CH R16,25.2,1347.8
370,Aziz Dougaz,25,1342.8,,1320.7,1306.2,1500,,1331.8,1324.5,1421.4,,2020 Calgary CH R32,22.9,1551.7
371,Jc Aragone,26.8,1342,,1326.9,1032.5,1385.2,,1334.4,1187.2,1363.6,,2018 Chicago CH R16,23.2,1567.3
372,Nicolas Barrientos,35,1341.4,,1168.1,1343.3,-,,1254.8,1342.4,1370.7,,2015 Cali CH QF,28,1435.2
373,Alejandro Gonzalez,33.1,1338.1,,1326.6,1304,1300.6,,1332.3,1321.1,1319.4,,2015 Santiago CH QF,26.1,1699.3
374,Alexey Vatutin,29.4,1335.5,,1288.8,1309.8,1328.3,,1312.2,1322.7,1331.9,,2018 Marrakech R16,25.4,1623.4
375,Aldin Setkic,34.2,1334.2,,1306.8,1236.5,1183,,1320.5,1285.4,1258.6,,2010 Napoli2 CH R32,22.8,1598.7
376,Oriol Roca Batalla,28.9,1330.5,,1247.1,1294.6,1352.2,,1288.8,1312.6,1341.4,,2015 Casablanca CH R32,22.5,1474
377,Pedja Krstin,27.6,1329.6,,1215.1,1325.5,1296.6,,1272.3,1327.5,1313.1,,2016 Leon CH R32,21.5,1552.5
378,Filippo Baldi,26,1327.9,,1318.9,1274.9,1244.6,,1323.4,1301.4,1286.3,,2018 Andria CH SF,22.9,1692
379,Kaichi Uchida,27.7,1327.5,,1317.1,1133.4,1447.7,,1322.3,1230.5,1387.6,,2019 Taipei CH R32,24.6,1494.6
380,Carlos Gomez Herrera,31.9,1322.7,,1227.9,1296,1372.5,,1275.3,1309.4,1347.6,,2018 Puerto Vallarta CH QF,28,1538.1
381,Goncalo Oliveira,27.2,1322.5,,1256.3,1275.9,1352.2,,1289.4,1299.2,1337.3,,2017 Campinas CH QF,22.6,1434
382,Luca Van Assche,18,1312.3,,1289,1136.3,-,,1300.6,1224.3,1356.1,,2021 Brest CH R16,17.5,1456.6
383,Georgii Kravchenko,21.6,1310.5,,1270.3,1232.5,-,,1290.4,1271.5,1355.2,,2021 Pau CH R32,21.3,1417.8
384,Juan Bautista Torres,20.1,1310.2,,-,1284.7,-,,1265.1,1297.5,1355.1,,2022 Santiago CH R32,19.9,1406.9
385,Nick Hardt,21.6,1308.6,,1185,1272,-,,1246.8,1290.3,1354.3,,2022 Columbus CH R32,21.3,1361.2
386,Yshai Oliel,22.3,1306.6,,1291.5,1305.3,1500,,1299.1,1305.9,1403.3,,2017 Davis Cup G1 R1,17.1,1478.6
387,Mateus Alves,21.3,1295.5,,1304.1,1206.5,-,,1299.8,1251,1347.8,,2022 Mexico City CH R16,21.2,1356.7
388,Gustavo Heide,20.2,1284.5,,1207.5,1265.9,-,,1246,1275.2,1342.2,,2021 Sao Paulo CH R16,19.8,1391.3
389,Matteo Martineau,23.2,1278,,1210.2,1252.4,-,,1244.1,1265.2,1339,,2021 Cherbourg CH R32,22.1,1378.8
390,Francesco Forti,22.7,1277.5,,1174.2,1280.4,-,,1225.9,1279,1338.8,,2019 San Benedetto CH R32,20,1461.3
391,Rudolf Molleker,21.4,1276.2,,1169.2,1256.3,1313.5,,1222.7,1266.2,1294.9,,2019 Poznan CH SF,18.6,1709.8
392,Cristian Rodriguez,31.8,1275.7,,1327.7,1223,-,,1301.7,1249.4,1337.9,,2018 Panama City CH R16,27.8,1497
393,Orlando Luz,24.2,1273.6,,1062.1,1266.1,-,,1167.9,1269.8,1336.8,,2021 San Marino CH SF,23.5,1461.7
394,Roberto Ortega Olmedo,30.6,1271.7,,1248.8,1215.2,1367.6,,1260.2,1243.5,1319.6,,2014 Blois CH R16,23.2,1491
395,Shintaro Mochizuki,18.9,1255.8,,1181.5,1191.7,1408,,1218.7,1223.7,1331.9,,2021 Wimbledon Qual,18.1,1340.6
396,Lucas Catarina,25.6,1255.5,,1243.3,1180.1,-,,1249.4,1217.8,1327.8,,2021 Cleveland CH R32,24.6,1356
397,Tiago Cacao,24.2,1251.5,,-,1210.6,-,,1235.8,1231.1,1325.8,,2021 Oeiras 2 CH R16,23.1,1458.1
398,Dayne Kelly,31.4,1245.9,,1216.4,1194.8,1349.1,,1231.1,1220.3,1297.5,,2010 Ojai CH R32,19.8,1450.5
399,Yu Hsiou Hsu,22.8,1244.3,,1204.1,1197.1,-,,1224.2,1220.7,1322.2,,2021 Prague 3 CH R32,22.4,1339.6
400,Roberto Cid,28.3,1233.8,,1283.4,1143.1,1407.4,,1258.6,1188.4,1320.6,,2018 Almaty CH R16,24.8,1570.6
401,Gilbert Soares Klier Junior,22,1211.7,,-,1198.2,-,,1215.9,1205,1305.9,,2021 Brasilia CH R32,21.5,1238
402,Nicholas David Ionel,19.5,1208.6,,1098,1218.1,-,,1153.3,1213.3,1304.3,,2021 Bucharest CH R16,18.9,1282.5
403,Elmar Ejupovic,29.2,1204.2,,1159.1,1216.9,-,,1181.6,1210.6,1302.1,,2021 Maia 2 CH R16,28.9,1288.8
404,Pedro Araujo,20.1,1181.3,,1180.9,1162.7,-,,1181.1,1172,1290.7,,2021 Braga CH R32,19.5,1292.1
405,Nick Chappell,29.5,1165.7,,1213.2,1067.7,1355.2,,1189.5,1116.7,1260.5,,2021 Potchefstroom 1 CH QF,28.4,1444.7
406,Facundo Juarez,24.6,1158.2,,1132.7,1164.3,-,,1145.5,1161.2,1279.1,,2021 Florianopolis CH R16,24.2,1329.2
407,Matias Zukas,26,1139.9,,1219.2,1108.9,-,,1179.5,1124.4,1269.9,,2017 Tigre CH R32,20.8,1293.9
408,Alexander Erler,24.1,1086.7,,1084.3,1083.5,-,,1085.5,1085.1,1243.3,,2014 Kitzbuhel Qual,16.8,1202.3
